pollster,methodology,state,sample_size,pct,answer,end_date,end_date_num
SurveyUSA,Live Phone,Nevada,675,50.16077459625915,Trump,2024-09-04,0.45454545454545453
Emerson College,Online Panel,Florida,161,49.74466067474118,Harris,2024-10-08,0.797979797979798
Siena/NYT,Probability Panel,Florida,702,48.88851320471734,Trump,2024-08-01,0.1111111111111111
Emerson College,Live Phone/Text to Web,Georgia,127,53.37366160562031,Harris,2024-10-01,0.7272727272727273
Emerson College,Live Phone,Florida,915,49.41164581390264,Harris,2024-08-22,0.32323232323232326
Siena/NYT,Live Phone,Nevada,1133,48.477322405839246,Harris,2024-10-16,0.8787878787878788
Emerson College,Live Phone/Text to Web,California,675,50.75096201659818,Harris,2024-10-08,0.797979797979798
YouGov,Online Panel,Florida,399,51.3236237699756,Harris,2024-08-01,0.1111111111111111
Emerson College,Live Phone,California,276,50.25060602204877,Harris,2024-09-29,0.7070707070707071
Emerson College,Online Panel,Florida,124,48.299152074631984,Harris,2024-10-25,0.9696969696969697
SurveyUSA,Live Phone/Text to Web,New York,148,51.453411417035866,Trump,2024-09-01,0.42424242424242425
YouGov,Probability Panel,Florida,276,49.38413345783562,Trump,2024-08-13,0.23232323232323232
Siena/NYT,Live Phone,Georgia,161,50.61016624841484,Harris,2024-09-15,0.5656565656565656
YouGov,Live Phone,Nevada,563,47.8828442081424,Trump,2024-09-07,0.48484848484848486
YouGov,Online Panel,Nevada,2180,51.17112793456401,Trump,2024-09-27,0.6868686868686869
Siena/NYT,Live Phone,Georgia,127,47.67369100114579,Harris,2024-09-12,0.5353535353535354
SurveyUSA,Live Phone/Text to Web,Georgia,452,50.48710718999565,Trump,2024-07-30,0.09090909090909091
Emerson College,Live Phone,Florida,124,49.96161503904305,Harris,2024-10-13,0.8484848484848485
Emerson College,Probability Panel,New York,904,52.01521857974864,Trump,2024-09-01,0.42424242424242425
YouGov,Live Phone/Text to Web,Florida,227,50.43008206607767,Trump,2024-08-15,0.25252525252525254
SurveyUSA,Probability Panel,California,439,49.37107323945414,Harris,2024-08-24,0.3434343434343434
YouGov,Live Phone/Text to Web,Florida,395,54.10811140020839,Trump,2024-09-08,0.494949494949495
Siena/NYT,Probability Panel,California,47,46.64853639619702,Trump,2024-10-28,1
Emerson College,Live Phone,New York,113,49.4919566309934,Harris,2024-09-02,0.43434343434343436
YouGov,Probability Panel,Florida,124,46.67819810947627,Harris,2024-10-25,0.9696969696969697
Siena/NYT,Online Panel,Florida,655,54.7585939921181,Trump,2024-08-12,0.2222222222222222
Emerson College,Live Phone/Text to Web,Nevada,655,51.06759955599564,Harris,2024-09-20,0.6161616161616161
Emerson College,Live Phone,California,97,49.674597066035844,Harris,2024-09-18,0.5959595959595959
YouGov,Probability Panel,Nevada,2180,49.73948332749695,Trump,2024-09-08,0.494949494949495
Emerson College,Live Phone,Nevada,276,50.38042368284144,Harris,2024-10-20,0.9191919191919192
Siena/NYT,Live Phone,New York,894,50.4533303701352,Trump,2024-09-22,0.6363636363636364
Emerson College,Probability Panel,New York,101,49.07758845788678,Trump,2024-08-10,0.20202020202020202
Siena/NYT,Probability Panel,Florida,107,52.21551555237587,Harris,2024-08-22,0.32323232323232326
YouGov,Probability Panel,New York,74,49.578993177894006,Harris,2024-09-28,0.696969696969697
Emerson College,Online Panel,California,145,52.3924218937457,Trump,2024-09-07,0.48484848484848486
Siena/NYT,Live Phone,Georgia,142,49.46964596327102,Harris,2024-08-04,0.1414141414141414
YouGov,Probability Panel,Georgia,47,47.88381477414757,Harris,2024-08-18,0.2828282828282828
Emerson College,Live Phone,California,127,47.90207327443989,Harris,2024-08-10,0.20202020202020202
YouGov,Live Phone,New York,915,52.68850265760117,Harris,2024-09-27,0.6868686868686869
Siena/NYT,Live Phone/Text to Web,California,127,52.074064900035395,Trump,2024-08-17,0.2727272727272727
Siena/NYT,Probability Panel,Florida,51,47.62624910739362,Trump,2024-09-11,0.5252525252525253
Siena/NYT,Live Phone,Nevada,1943,52.091097870169406,Harris,2024-09-06,0.47474747474747475
SurveyUSA,Live Phone,New York,176,48.16029993650481,Trump,2024-07-26,0.050505050505050504
YouGov,Live Phone,California,113,51.502141075437876,Trump,2024-07-30,0.09090909090909091
Emerson College,Probability Panel,Nevada,74,46.04523247155657,Trump,2024-10-05,0.7676767676767676
SurveyUSA,Online Panel,New York,702,49.23187623630561,Trump,2024-09-11,0.5252525252525253
Emerson College,Live Phone/Text to Web,Georgia,2180,51.799532623746344,Trump,2024-08-24,0.3434343434343434
SurveyUSA,Probability Panel,California,97,49.78213320006107,Trump,2024-08-16,0.26262626262626265
YouGov,Live Phone/Text to Web,Georgia,145,51.35158723207755,Trump,2024-08-12,0.2222222222222222
SurveyUSA,Online Panel,California,675,51.98423964815013,Trump,2024-07-29,0.08080808080808081
Emerson College,Live Phone/Text to Web,Georgia,395,52.26259505419734,Harris,2024-10-26,0.9797979797979798
Siena/NYT,Online Panel,New York,101,53.263495500232764,Trump,2024-09-10,0.5151515151515151
SurveyUSA,Probability Panel,Georgia,94,47.42593963721983,Trump,2024-08-17,0.2727272727272727
Siena/NYT,Probability Panel,California,894,50.212973445089496,Harris,2024-08-06,0.16161616161616163
Siena/NYT,Live Phone/Text to Web,California,28,48.24490601476649,Trump,2024-09-07,0.48484848484848486
YouGov,Online Panel,California,439,47.482996973153774,Trump,2024-10-17,0.8888888888888888
Emerson College,Live Phone/Text to Web,New York,2087,48.26479921025599,Trump,2024-10-07,0.7878787878787878
Emerson College,Live Phone/Text to Web,Georgia,94,48.07656238847463,Harris,2024-09-14,0.5555555555555556
Emerson College,Live Phone,Nevada,571,52.613435308975546,Harris,2024-10-18,0.898989898989899
Siena/NYT,Live Phone/Text to Web,Georgia,191,51.028297829879214,Trump,2024-07-27,0.06060606060606061
Siena/NYT,Online Panel,New York,145,51.54007111823946,Trump,2024-09-11,0.5252525252525253
Siena/NYT,Probability Panel,Nevada,675,48.510275684702464,Harris,2024-10-12,0.8383838383838383
SurveyUSA,Online Panel,New York,176,49.77712876222855,Trump,2024-10-03,0.7474747474747475
SurveyUSA,Live Phone/Text to Web,Nevada,2180,49.05324972692917,Trump,2024-10-01,0.7272727272727273
SurveyUSA,Online Panel,New York,191,49.02615069981582,Harris,2024-10-17,0.8888888888888888
Emerson College,Live Phone/Text to Web,Florida,124,50.27401219926387,Harris,2024-08-03,0.13131313131313133
Emerson College,Live Phone/Text to Web,Georgia,94,48.994471190611044,Harris,2024-10-01,0.7272727272727273
Siena/NYT,Probability Panel,California,904,52.22147958567407,Trump,2024-10-04,0.7575757575757576
Emerson College,Live Phone,Florida,227,49.68056994083207,Harris,2024-09-13,0.5454545454545454
Siena/NYT,Online Panel,California,113,49.45166737931731,Harris,2024-09-09,0.5050505050505051
YouGov,Live Phone,Georgia,276,50.143453195280784,Trump,2024-08-07,0.1717171717171717
Siena/NYT,Live Phone/Text to Web,Nevada,127,52.06719096929414,Harris,2024-08-29,0.3939393939393939
YouGov,Probability Panel,Florida,124,48.931546260567586,Harris,2024-08-03,0.13131313131313133
Emerson College,Live Phone,Georgia,94,47.954853814401616,Trump,2024-09-17,0.5858585858585859
Emerson College,Online Panel,Florida,655,50.000229887101845,Trump,2024-07-21,0
YouGov,Live Phone,New York,176,50.4952901732213,Harris,2024-09-15,0.5656565656565656
Siena/NYT,Live Phone/Text to Web,Georgia,372,54.17478828220693,Harris,2024-09-23,0.6464646464646465
Siena/NYT,Live Phone/Text to Web,Florida,161,51.84526513300837,Trump,2024-08-16,0.26262626262626265
YouGov,Live Phone,New York,563,50.506964938635036,Trump,2024-10-07,0.7878787878787878
YouGov,Probability Panel,New York,904,49.553238715775116,Trump,2024-10-22,0.9393939393939394
YouGov,Probability Panel,Nevada,1133,50.13323253167044,Harris,2024-08-25,0.35353535353535354
YouGov,Online Panel,Florida,439,47.88297985617992,Harris,2024-08-16,0.26262626262626265
SurveyUSA,Live Phone,California,127,48.52565949922649,Trump,2024-09-03,0.4444444444444444
SurveyUSA,Live Phone,Nevada,107,50.99203072971777,Trump,2024-10-17,0.8888888888888888
SurveyUSA,Live Phone/Text to Web,Nevada,127,49.80538124614484,Harris,2024-10-05,0.7676767676767676
Emerson College,Live Phone,Nevada,276,49.72129105143351,Trump,2024-10-08,0.797979797979798
Siena/NYT,Live Phone/Text to Web,California,563,51.0841145500499,Harris,2024-08-07,0.1717171717171717
Emerson College,Live Phone/Text to Web,Florida,124,52.1932561891232,Harris,2024-10-20,0.9191919191919192
Siena/NYT,Live Phone,Georgia,227,48.333923708381406,Trump,2024-08-23,0.3333333333333333
SurveyUSA,Online Panel,California,124,48.205979562946155,Trump,2024-08-16,0.26262626262626265
YouGov,Live Phone/Text to Web,Nevada,827,48.51114768300451,Harris,2024-08-12,0.2222222222222222
SurveyUSA,Probability Panel,California,74,54.90003775144363,Trump,2024-08-06,0.16161616161616163
Emerson College,Live Phone,Nevada,915,51.26531161993337,Harris,2024-07-21,0
Siena/NYT,Live Phone/Text to Web,Nevada,191,46.21712794868129,Trump,2024-08-19,0.29292929292929293
YouGov,Online Panel,California,2180,51.27682319768023,Trump,2024-10-22,0.9393939393939394
SurveyUSA,Probability Panel,Georgia,74,45.928035084246496,Harris,2024-09-22,0.6363636363636364
YouGov,Live Phone/Text to Web,Florida,1133,50.398465646546185,Trump,2024-09-27,0.6868686868686869
SurveyUSA,Live Phone,New York,675,50.447935133341126,Harris,2024-07-30,0.09090909090909091
Emerson College,Live Phone,Georgia,827,53.76275557626218,Harris,2024-09-07,0.48484848484848486
Siena/NYT,Live Phone/Text to Web,Nevada,1655,51.62150600908276,Harris,2024-09-16,0.5757575757575758
Siena/NYT,Live Phone,California,439,49.52018478866796,Trump,2024-09-10,0.5151515151515151
Emerson College,Probability Panel,Georgia,1943,54.64948778839518,Harris,2024-09-20,0.6161616161616161
YouGov,Online Panel,Nevada,915,54.69319015752962,Trump,2024-07-25,0.04040404040404041
SurveyUSA,Live Phone/Text to Web,California,142,50.150006964994205,Harris,2024-08-30,0.40404040404040403
SurveyUSA,Probability Panel,Georgia,452,49.81968028031563,Trump,2024-08-15,0.25252525252525254
Siena/NYT,Live Phone/Text to Web,Nevada,268,52.50931025106172,Trump,2024-08-04,0.1414141414141414
YouGov,Online Panel,California,101,51.796908695109806,Harris,2024-08-16,0.26262626262626265
Siena/NYT,Online Panel,California,74,50.11148207968966,Harris,2024-08-20,0.30303030303030304
YouGov,Probability Panel,Nevada,571,48.49868511241683,Trump,2024-10-12,0.8383838383838383
Emerson College,Probability Panel,Georgia,915,50.1672336692119,Trump,2024-08-21,0.31313131313131315
Siena/NYT,Live Phone/Text to Web,Georgia,372,54.252671152264675,Trump,2024-09-25,0.6666666666666666
YouGov,Live Phone/Text to Web,Georgia,439,53.263653944060216,Trump,2024-08-25,0.35353535353535354
YouGov,Probability Panel,Florida,894,49.139316550019764,Trump,2024-09-02,0.43434343434343436
SurveyUSA,Live Phone/Text to Web,Georgia,702,47.102019204602904,Trump,2024-10-23,0.9494949494949495
Emerson College,Live Phone/Text to Web,New York,142,47.35129546928136,Trump,2024-10-27,0.98989898989899
Siena/NYT,Live Phone/Text to Web,New York,1943,49.52341235997492,Trump,2024-08-29,0.3939393939393939
SurveyUSA,Probability Panel,New York,161,50.49662077463012,Trump,2024-08-11,0.21212121212121213
Emerson College,Live Phone/Text to Web,California,124,50.34765326831575,Harris,2024-09-07,0.48484848484848486
Emerson College,Probability Panel,Georgia,839,46.65444308784712,Harris,2024-08-18,0.2828282828282828
Siena/NYT,Probability Panel,Nevada,124,47.15726226160798,Trump,2024-08-19,0.29292929292929293
SurveyUSA,Probability Panel,New York,827,46.63349785613851,Trump,2024-07-27,0.06060606060606061
Siena/NYT,Probability Panel,New York,675,48.79167203429785,Harris,2024-10-13,0.8484848484848485
YouGov,Online Panel,New York,145,50.81870585818714,Trump,2024-09-05,0.46464646464646464
YouGov,Live Phone/Text to Web,Florida,702,50.67393910183095,Trump,2024-10-12,0.8383838383838383
Siena/NYT,Probability Panel,New York,675,49.98943230161354,Harris,2024-08-02,0.12121212121212122
YouGov,Live Phone/Text to Web,Georgia,904,51.14656146171096,Harris,2024-08-17,0.2727272727272727
YouGov,Live Phone,New York,113,45.19425827261809,Harris,2024-09-06,0.47474747474747475
YouGov,Online Panel,California,666,48.399030998883426,Harris,2024-09-17,0.5858585858585859
Siena/NYT,Live Phone,Nevada,28,51.1586031192453,Harris,2024-08-01,0.1111111111111111
SurveyUSA,Live Phone,New York,177,53.8423434101234,Harris,2024-08-10,0.20202020202020202
SurveyUSA,Live Phone,Florida,142,49.3958046177661,Trump,2024-08-22,0.32323232323232326
Siena/NYT,Online Panel,Georgia,94,50.609081005802025,Trump,2024-10-15,0.8686868686868687
Emerson College,Live Phone,Nevada,915,52.02940036888025,Trump,2024-07-29,0.08080808080808081
SurveyUSA,Live Phone,New York,227,51.21179098277651,Trump,2024-09-06,0.47474747474747475
Siena/NYT,Live Phone,New York,155,47.888237993250556,Trump,2024-08-19,0.29292929292929293
SurveyUSA,Live Phone,California,276,50.676247327531215,Harris,2024-08-16,0.26262626262626265
SurveyUSA,Online Panel,New York,563,50.46532938088288,Harris,2024-10-09,0.8080808080808081
Siena/NYT,Probability Panel,New York,571,53.38187963294168,Harris,2024-09-19,0.6060606060606061
Siena/NYT,Live Phone/Text to Web,Florida,177,50.05291649476095,Harris,2024-08-01,0.1111111111111111
SurveyUSA,Live Phone,New York,145,45.76030221954754,Harris,2024-09-24,0.6565656565656566
Emerson College,Live Phone/Text to Web,New York,148,49.64701776305253,Harris,2024-09-30,0.7171717171717171
YouGov,Online Panel,California,107,47.65322288140354,Harris,2024-08-01,0.1111111111111111
YouGov,Live Phone/Text to Web,New York,51,52.08280851921994,Harris,2024-10-02,0.7373737373737373
Siena/NYT,Live Phone,California,915,46.51127252219434,Harris,2024-10-15,0.8686868686868687
SurveyUSA,Probability Panel,New York,675,50.301694300893274,Harris,2024-08-21,0.31313131313131315
SurveyUSA,Live Phone/Text to Web,Florida,28,48.15809833658573,Trump,2024-09-27,0.6868686868686869
YouGov,Live Phone,New York,571,49.70260468073445,Harris,2024-09-16,0.5757575757575758
Siena/NYT,Live Phone,Nevada,28,51.62385828968141,Harris,2024-10-19,0.9090909090909091
Siena/NYT,Live Phone,New York,47,48.634469713477614,Trump,2024-08-21,0.31313131313131315
SurveyUSA,Probability Panel,New York,666,47.25501756590931,Harris,2024-09-09,0.5050505050505051
SurveyUSA,Probability Panel,California,915,47.305335746341065,Harris,2024-10-05,0.7676767676767676
SurveyUSA,Live Phone,Florida,452,50.757732772037755,Trump,2024-08-16,0.26262626262626265
SurveyUSA,Online Panel,Nevada,161,49.579204800501614,Trump,2024-10-05,0.7676767676767676
Siena/NYT,Live Phone/Text to Web,Florida,127,50.85567850593676,Harris,2024-09-10,0.5151515151515151
Emerson College,Online Panel,California,839,49.29983909179562,Harris,2024-08-17,0.2727272727272727
YouGov,Probability Panel,California,268,50.89246333031357,Harris,2024-07-29,0.08080808080808081
Siena/NYT,Online Panel,New York,655,48.493644808584236,Harris,2024-08-16,0.26262626262626265
YouGov,Live Phone,California,101,49.65067071710183,Trump,2024-08-20,0.30303030303030304
SurveyUSA,Live Phone,New York,894,50.763254225430074,Trump,2024-09-21,0.6262626262626263
Emerson College,Live Phone,Georgia,155,50.442940544135,Harris,2024-08-18,0.2828282828282828
YouGov,Live Phone/Text to Web,Nevada,176,49.52720235582039,Harris,2024-07-22,0.010101010101010102
YouGov,Probability Panel,Florida,399,51.064068991767044,Harris,2024-09-18,0.5959595959595959
Siena/NYT,Probability Panel,New York,113,47.21136940968492,Trump,2024-08-14,0.24242424242424243
SurveyUSA,Live Phone,Nevada,399,51.053695698563054,Harris,2024-07-31,0.10101010101010101
SurveyUSA,Live Phone/Text to Web,Florida,372,51.10678001361675,Harris,2024-07-25,0.04040404040404041
Siena/NYT,Online Panel,Nevada,894,46.442836501321686,Trump,2024-09-01,0.42424242424242425
Siena/NYT,Probability Panel,Nevada,666,50.3528374569753,Harris,2024-08-18,0.2828282828282828
Emerson College,Live Phone/Text to Web,Florida,439,53.62383309747315,Trump,2024-10-08,0.797979797979798
YouGov,Live Phone,California,113,52.6951193749092,Harris,2024-08-11,0.21212121212121213
Emerson College,Live Phone,Florida,124,46.17161982004048,Trump,2024-09-22,0.6363636363636364
SurveyUSA,Live Phone,New York,827,52.559796111565475,Trump,2024-09-14,0.5555555555555556
Siena/NYT,Probability Panel,Georgia,47,51.49202366068176,Trump,2024-08-12,0.2222222222222222
YouGov,Live Phone/Text to Web,New York,452,52.47301646081532,Trump,2024-09-14,0.5555555555555556
Emerson College,Online Panel,Nevada,1943,48.22271278272001,Harris,2024-10-11,0.8282828282828283
Emerson College,Probability Panel,Nevada,177,48.21261605095039,Trump,2024-07-24,0.030303030303030304
SurveyUSA,Live Phone,Nevada,107,49.115892690770046,Trump,2024-09-21,0.6262626262626263
Siena/NYT,Probability Panel,New York,145,51.206016524238,Harris,2024-07-23,0.020202020202020204
SurveyUSA,Live Phone/Text to Web,California,399,54.03247738711445,Trump,2024-09-27,0.6868686868686869
YouGov,Probability Panel,Florida,124,48.44773036204303,Trump,2024-09-24,0.6565656565656566
Siena/NYT,Live Phone,California,161,49.93799357968017,Harris,2024-10-27,0.98989898989899
SurveyUSA,Live Phone/Text to Web,Georgia,51,49.10567328092339,Trump,2024-10-07,0.7878787878787878
Siena/NYT,Live Phone/Text to Web,California,563,46.317697568946976,Trump,2024-07-31,0.10101010101010101
SurveyUSA,Online Panel,Florida,702,47.66668268195336,Trump,2024-10-10,0.8181818181818182
SurveyUSA,Live Phone,Georgia,176,51.989706054181475,Trump,2024-08-13,0.23232323232323232
Emerson College,Live Phone,Georgia,1943,53.86947715304036,Harris,2024-10-18,0.898989898989899
YouGov,Live Phone/Text to Web,California,191,50.86306195956942,Trump,2024-09-13,0.5454545454545454
Emerson College,Probability Panel,New York,107,51.24435975270212,Trump,2024-10-14,0.8585858585858586
Emerson College,Probability Panel,California,191,49.021673338434724,Trump,2024-08-25,0.35353535353535354
SurveyUSA,Live Phone,Nevada,655,50.340121496908786,Harris,2024-08-15,0.25252525252525254
Siena/NYT,Probability Panel,Florida,439,49.99562440239914,Trump,2024-08-28,0.3838383838383838
SurveyUSA,Online Panel,Georgia,827,49.53543499969293,Trump,2024-08-23,0.3333333333333333
SurveyUSA,Live Phone/Text to Web,Georgia,894,44.737135063199844,Trump,2024-08-15,0.25252525252525254
Siena/NYT,Online Panel,Florida,481,51.58851885082712,Trump,2024-10-08,0.797979797979798
Emerson College,Live Phone/Text to Web,Nevada,47,50.186106740792205,Harris,2024-09-13,0.5454545454545454
Siena/NYT,Live Phone/Text to Web,Nevada,176,50.14184011477315,Harris,2024-08-30,0.40404040404040403
Siena/NYT,Online Panel,New York,2459,49.53274354531397,Trump,2024-07-23,0.020202020202020204
YouGov,Live Phone,Nevada,148,47.407345791671816,Trump,2024-08-22,0.32323232323232326
Siena/NYT,Online Panel,Georgia,142,51.83572328441318,Harris,2024-10-20,0.9191919191919192
YouGov,Online Panel,California,655,50.88771126362187,Trump,2024-10-03,0.7474747474747475
Emerson College,Live Phone,Georgia,666,49.61837229451382,Harris,2024-09-23,0.6464646464646465
Siena/NYT,Live Phone,Georgia,655,49.72721053129122,Trump,2024-08-02,0.12121212121212122
YouGov,Probability Panel,New York,481,48.66704770809933,Harris,2024-08-01,0.1111111111111111
SurveyUSA,Online Panel,Florida,904,47.42809739740186,Trump,2024-07-24,0.030303030303030304
Emerson College,Live Phone/Text to Web,Florida,176,49.530422164924225,Harris,2024-10-14,0.8585858585858586
YouGov,Probability Panel,Florida,142,51.04163903216613,Trump,2024-10-07,0.7878787878787878
YouGov,Live Phone/Text to Web,California,142,50.20917929901384,Trump,2024-08-17,0.2727272727272727
SurveyUSA,Probability Panel,New York,127,50.61263008515142,Trump,2024-10-03,0.7474747474747475
SurveyUSA,Probability Panel,Florida,101,51.845236102970915,Harris,2024-08-27,0.37373737373737376
YouGov,Online Panel,New York,227,50.737292145562584,Trump,2024-10-25,0.9696969696969697
Emerson College,Online Panel,California,276,50.11072640008327,Harris,2024-07-21,0
SurveyUSA,Live Phone/Text to Web,California,155,53.33444805178679,Trump,2024-10-22,0.9393939393939394
YouGov,Probability Panel,Florida,74,47.786652717589625,Trump,2024-10-07,0.7878787878787878
YouGov,Online Panel,New York,127,51.54599107550755,Harris,2024-07-23,0.020202020202020204
YouGov,Online Panel,Georgia,113,49.325714406314454,Harris,2024-08-27,0.37373737373737376
Siena/NYT,Probability Panel,Florida,124,53.341474584562945,Trump,2024-08-08,0.18181818181818182
Siena/NYT,Live Phone,New York,784,52.8534591939971,Harris,2024-08-31,0.41414141414141414
YouGov,Probability Panel,Florida,1133,47.590096489482,Trump,2024-10-08,0.797979797979798
YouGov,Live Phone,Nevada,1133,47.04609913127534,Harris,2024-10-17,0.8888888888888888
YouGov,Online Panel,Nevada,439,42.18483021091834,Harris,2024-08-18,0.2828282828282828
SurveyUSA,Live Phone/Text to Web,Florida,191,49.869567108721604,Harris,2024-10-25,0.9696969696969697
YouGov,Live Phone,New York,439,50.4736175734456,Harris,2024-10-24,0.9595959595959596
Siena/NYT,Probability Panel,Florida,113,50.463398156268305,Trump,2024-10-22,0.9393939393939394
YouGov,Live Phone,Florida,827,49.550196655714146,Harris,2024-09-13,0.5454545454545454
Emerson College,Live Phone,California,702,51.485850510321846,Trump,2024-10-11,0.8282828282828283
YouGov,Online Panel,Nevada,1655,50.904126953943674,Trump,2024-10-27,0.98989898989899
SurveyUSA,Online Panel,New York,212,50.213671148609606,Trump,2024-09-18,0.5959595959595959
SurveyUSA,Live Phone/Text to Web,Florida,124,48.67789945038996,Harris,2024-10-11,0.8282828282828283
YouGov,Live Phone,Georgia,47,47.96287582432501,Trump,2024-07-26,0.050505050505050504
Emerson College,Live Phone,Georgia,1655,49.63809868100928,Harris,2024-09-04,0.45454545454545453
Siena/NYT,Live Phone/Text to Web,Florida,702,49.094164883453466,Harris,2024-09-29,0.7070707070707071
Emerson College,Live Phone,California,2459,49.937226125475014,Harris,2024-09-19,0.6060606060606061
Siena/NYT,Online Panel,Nevada,127,54.52433854301047,Trump,2024-10-03,0.7474747474747475
SurveyUSA,Probability Panel,Georgia,145,49.94678874657967,Trump,2024-09-13,0.5454545454545454
YouGov,Live Phone,Florida,894,46.56372833249589,Trump,2024-10-03,0.7474747474747475
Emerson College,Probability Panel,Nevada,177,51.56572337572105,Trump,2024-07-27,0.06060606060606061
Siena/NYT,Online Panel,Georgia,1133,46.637584960861226,Harris,2024-09-17,0.5858585858585859
Siena/NYT,Live Phone/Text to Web,Florida,1655,53.35855360053862,Trump,2024-07-30,0.09090909090909091
Emerson College,Live Phone,New York,268,49.084447061094636,Harris,2024-08-02,0.12121212121212122
Emerson College,Live Phone/Text to Web,Georgia,894,48.335328514464365,Harris,2024-08-31,0.41414141414141414
Siena/NYT,Live Phone,New York,28,48.6530692415316,Trump,2024-09-01,0.42424242424242425
YouGov,Online Panel,New York,161,45.84021011822956,Trump,2024-10-15,0.8686868686868687
SurveyUSA,Online Panel,Nevada,161,51.004057292267575,Trump,2024-08-28,0.3838383838383838
YouGov,Probability Panel,New York,148,50.47798224224453,Trump,2024-09-03,0.4444444444444444
YouGov,Live Phone,California,439,54.57157489399781,Trump,2024-08-22,0.32323232323232326
SurveyUSA,Live Phone/Text to Web,New York,47,50.50000514420148,Trump,2024-09-29,0.7070707070707071
SurveyUSA,Online Panel,New York,212,47.7875768405074,Harris,2024-08-24,0.3434343434343434
Emerson College,Probability Panel,New York,148,52.1096611458666,Harris,2024-08-15,0.25252525252525254
Siena/NYT,Online Panel,Florida,563,49.017239498750364,Harris,2024-09-06,0.47474747474747475
SurveyUSA,Live Phone,Georgia,481,50.10065173492326,Trump,2024-09-04,0.45454545454545453
Siena/NYT,Online Panel,Nevada,675,52.29201164722572,Trump,2024-08-06,0.16161616161616163
Siena/NYT,Live Phone/Text to Web,New York,784,51.49672606664947,Trump,2024-09-15,0.5656565656565656
Emerson College,Live Phone,California,74,44.823148106196875,Harris,2024-09-04,0.45454545454545453
YouGov,Online Panel,California,74,50.75359481628133,Harris,2024-07-21,0
SurveyUSA,Online Panel,Florida,47,47.998470735884545,Trump,2024-07-22,0.010101010101010102
YouGov,Live Phone/Text to Web,New York,101,51.87201508253318,Harris,2024-08-13,0.23232323232323232
YouGov,Online Panel,California,563,48.9880694689473,Trump,2024-09-11,0.5252525252525253
Siena/NYT,Probability Panel,Georgia,2459,51.43114910451098,Harris,2024-08-04,0.1414141414141414
SurveyUSA,Online Panel,Georgia,268,52.09075245825658,Harris,2024-07-21,0
Emerson College,Probability Panel,Nevada,1655,48.34794650228711,Harris,2024-09-10,0.5151515151515151
Siena/NYT,Live Phone/Text to Web,Nevada,113,48.711980038284686,Harris,2024-08-26,0.36363636363636365
Emerson College,Live Phone/Text to Web,Georgia,904,48.34234457684279,Harris,2024-10-04,0.7575757575757576
SurveyUSA,Live Phone/Text to Web,New York,142,53.66390986717182,Harris,2024-09-09,0.5050505050505051
SurveyUSA,Online Panel,Nevada,191,48.28539228776984,Trump,2024-09-25,0.6666666666666666
Emerson College,Probability Panel,Georgia,827,47.20798111127773,Harris,2024-10-02,0.7373737373737373
YouGov,Live Phone/Text to Web,Nevada,1133,50.66926514738798,Trump,2024-09-26,0.6767676767676768
Emerson College,Probability Panel,Georgia,372,50.80508227246787,Harris,2024-08-08,0.18181818181818182
Emerson College,Live Phone,New York,571,51.08497772100336,Harris,2024-07-23,0.020202020202020204
Emerson College,Live Phone/Text to Web,Florida,675,51.714042679724976,Harris,2024-08-07,0.1717171717171717
YouGov,Online Panel,Georgia,191,46.90078671212817,Trump,2024-09-01,0.42424242424242425
Emerson College,Online Panel,Florida,124,47.92925601479229,Trump,2024-09-16,0.5757575757575758
Emerson College,Live Phone,New York,2180,47.03903243860333,Trump,2024-10-27,0.98989898989899
SurveyUSA,Live Phone/Text to Web,Florida,145,49.0448976415815,Harris,2024-09-20,0.6161616161616161
YouGov,Online Panel,Nevada,839,50.46407978600919,Harris,2024-09-12,0.5353535353535354
Emerson College,Online Panel,Nevada,571,46.80589147382826,Harris,2024-10-09,0.8080808080808081
Siena/NYT,Live Phone/Text to Web,California,124,48.91045144329702,Trump,2024-10-02,0.7373737373737373
Emerson College,Probability Panel,California,894,49.10771229105876,Harris,2024-08-11,0.21212121212121213
YouGov,Probability Panel,New York,1943,53.041004565130905,Harris,2024-08-09,0.1919191919191919
Emerson College,Live Phone,Georgia,675,47.50123578428216,Trump,2024-10-20,0.9191919191919192
SurveyUSA,Probability Panel,Georgia,452,45.26288984962068,Harris,2024-09-14,0.5555555555555556
YouGov,Online Panel,Georgia,107,48.189971382698964,Trump,2024-09-12,0.5353535353535354
Emerson College,Live Phone/Text to Web,New York,372,52.97021012429983,Harris,2024-07-29,0.08080808080808081
YouGov,Probability Panel,California,915,49.17707646447805,Harris,2024-10-27,0.98989898989899
Siena/NYT,Online Panel,Georgia,481,53.24661259531834,Trump,2024-10-03,0.7474747474747475
Siena/NYT,Online Panel,Nevada,1133,47.9753038559394,Trump,2024-10-17,0.8888888888888888
YouGov,Live Phone,New York,894,50.66778929388653,Trump,2024-08-12,0.2222222222222222
YouGov,Live Phone/Text to Web,Florida,399,51.07513572756276,Trump,2024-09-12,0.5353535353535354
YouGov,Live Phone/Text to Web,California,2459,46.80276735566052,Trump,2024-07-26,0.050505050505050504
Siena/NYT,Live Phone,Nevada,51,51.94439427194322,Harris,2024-07-22,0.010101010101010102
Siena/NYT,Probability Panel,Nevada,124,48.864008460049014,Harris,2024-08-28,0.3838383838383838
SurveyUSA,Live Phone,Florida,227,49.393727412734876,Trump,2024-09-02,0.43434343434343436
YouGov,Online Panel,Georgia,107,52.81479079009908,Harris,2024-08-04,0.1414141414141414
SurveyUSA,Online Panel,Nevada,74,53.82123089436109,Harris,2024-07-27,0.06060606060606061
YouGov,Online Panel,New York,101,50.17320655059892,Trump,2024-09-26,0.6767676767676768
Emerson College,Probability Panel,Georgia,563,49.2122080586404,Harris,2024-09-29,0.7070707070707071
Emerson College,Online Panel,Florida,372,52.23186121413922,Harris,2024-09-25,0.6666666666666666
YouGov,Live Phone/Text to Web,California,481,51.48401584762156,Harris,2024-07-25,0.04040404040404041
Emerson College,Live Phone,Nevada,827,49.51288956012831,Harris,2024-10-19,0.9090909090909091
SurveyUSA,Live Phone,Florida,395,51.79798665046002,Trump,2024-10-12,0.8383838383838383
Siena/NYT,Live Phone,California,155,52.34231979726325,Trump,2024-08-10,0.20202020202020202
Siena/NYT,Online Panel,Georgia,666,51.839959827540454,Harris,2024-08-28,0.3838383838383838
YouGov,Probability Panel,California,1133,48.293424287419846,Trump,2024-08-25,0.35353535353535354
SurveyUSA,Online Panel,New York,97,49.60377520495659,Harris,2024-08-05,0.15151515151515152
SurveyUSA,Online Panel,Georgia,191,49.51445025249042,Harris,2024-08-20,0.30303030303030304
Emerson College,Live Phone/Text to Web,Nevada,675,51.062239700491,Harris,2024-09-26,0.6767676767676768
Emerson College,Live Phone,Georgia,97,48.304901840363634,Harris,2024-10-05,0.7676767676767676
SurveyUSA,Live Phone/Text to Web,Georgia,904,51.24672826402796,Trump,2024-08-15,0.25252525252525254
Siena/NYT,Online Panel,California,481,49.50178643702508,Harris,2024-08-18,0.2828282828282828
SurveyUSA,Live Phone,Georgia,439,52.42551387769487,Trump,2024-07-24,0.030303030303030304
Siena/NYT,Online Panel,Florida,1655,52.85869768143726,Trump,2024-09-08,0.494949494949495
SurveyUSA,Live Phone/Text to Web,Florida,439,51.049716088673854,Harris,2024-09-05,0.46464646464646464
YouGov,Live Phone,Georgia,1133,51.778934005586265,Harris,2024-08-17,0.2727272727272727
YouGov,Live Phone,Nevada,212,48.04803859141027,Harris,2024-08-24,0.3434343434343434
YouGov,Online Panel,Georgia,107,49.979534924145035,Trump,2024-09-19,0.6060606060606061
YouGov,Live Phone/Text to Web,California,276,48.065639728473606,Harris,2024-08-13,0.23232323232323232
SurveyUSA,Live Phone/Text to Web,Georgia,155,51.078424089781144,Harris,2024-08-11,0.21212121212121213
Emerson College,Live Phone/Text to Web,Georgia,675,52.83412508464031,Harris,2024-08-07,0.1717171717171717
YouGov,Online Panel,New York,107,49.71396369301381,Trump,2024-10-16,0.8787878787878788
SurveyUSA,Probability Panel,Nevada,191,49.6028696925111,Trump,2024-10-07,0.7878787878787878
SurveyUSA,Live Phone,Florida,148,50.942648904165175,Trump,2024-10-07,0.7878787878787878
Emerson College,Live Phone/Text to Web,Nevada,399,52.686741227321086,Trump,2024-10-17,0.8888888888888888
Siena/NYT,Live Phone,Nevada,571,52.86367300638253,Trump,2024-09-26,0.6767676767676768
Emerson College,Online Panel,California,399,51.91285822812712,Harris,2024-09-13,0.5454545454545454
Siena/NYT,Online Panel,Florida,101,49.82285298021166,Harris,2024-09-22,0.6363636363636364
Siena/NYT,Probability Panel,Nevada,142,48.98195669969481,Harris,2024-08-19,0.29292929292929293
YouGov,Live Phone,Florida,124,48.15720399107986,Harris,2024-09-04,0.45454545454545453
Emerson College,Live Phone,California,113,50.79479567729215,Harris,2024-10-06,0.7777777777777778
SurveyUSA,Online Panel,Florida,563,47.18558769146416,Trump,2024-09-05,0.46464646464646464
Emerson College,Probability Panel,Nevada,127,47.79967440135035,Harris,2024-10-17,0.8888888888888888
Siena/NYT,Online Panel,California,97,49.483999646724556,Harris,2024-09-04,0.45454545454545453
Siena/NYT,Live Phone,Florida,915,49.01671273066401,Trump,2024-09-05,0.46464646464646464
SurveyUSA,Live Phone/Text to Web,New York,399,49.85122041482093,Trump,2024-10-13,0.8484848484848485
Emerson College,Online Panel,Nevada,212,51.63905413466431,Trump,2024-08-12,0.2222222222222222
Emerson College,Live Phone/Text to Web,Nevada,439,52.09269935297667,Trump,2024-07-21,0
YouGov,Probability Panel,Florida,399,51.53207892260844,Harris,2024-10-18,0.898989898989899
Siena/NYT,Probability Panel,California,2087,48.416016318377125,Harris,2024-08-18,0.2828282828282828
YouGov,Online Panel,New York,47,49.67828279694208,Harris,2024-10-26,0.9797979797979798
SurveyUSA,Online Panel,Nevada,827,51.81664210800667,Harris,2024-07-24,0.030303030303030304
Emerson College,Online Panel,Nevada,227,51.21875695758817,Harris,2024-08-25,0.35353535353535354
YouGov,Online Panel,Nevada,702,51.631495636988724,Trump,2024-10-14,0.8585858585858586
Siena/NYT,Online Panel,California,563,52.76624751503893,Trump,2024-07-27,0.06060606060606061
YouGov,Online Panel,Florida,827,50.28647476395308,Harris,2024-07-25,0.04040404040404041
Siena/NYT,Probability Panel,Florida,142,49.616886973613745,Trump,2024-07-30,0.09090909090909091
SurveyUSA,Online Panel,California,784,50.856671497921546,Harris,2024-07-30,0.09090909090909091
SurveyUSA,Live Phone/Text to Web,Florida,702,52.66273036732106,Harris,2024-10-07,0.7878787878787878
Emerson College,Live Phone/Text to Web,Florida,113,51.41053574565745,Trump,2024-08-24,0.3434343434343434
SurveyUSA,Live Phone/Text to Web,California,2459,50.686750096929835,Trump,2024-10-07,0.7878787878787878
Emerson College,Live Phone,Nevada,268,51.5568758936792,Trump,2024-08-19,0.29292929292929293
Siena/NYT,Live Phone/Text to Web,California,227,52.08093563267982,Harris,2024-09-05,0.46464646464646464
SurveyUSA,Live Phone/Text to Web,Georgia,127,49.52327579261018,Harris,2024-09-15,0.5656565656565656
SurveyUSA,Probability Panel,New York,702,48.8700964130339,Harris,2024-08-17,0.2727272727272727
SurveyUSA,Live Phone,Florida,2180,55.80818830486577,Trump,2024-09-04,0.45454545454545453
YouGov,Live Phone,Georgia,894,46.65386223654441,Trump,2024-09-21,0.6262626262626263
Emerson College,Probability Panel,New York,655,48.64339984768223,Trump,2024-10-05,0.7676767676767676
YouGov,Probability Panel,California,571,49.480595433474534,Trump,2024-08-08,0.18181818181818182
SurveyUSA,Probability Panel,Nevada,784,54.80987920508235,Harris,2024-09-10,0.5151515151515151
YouGov,Probability Panel,California,675,49.75826777871564,Trump,2024-10-16,0.8787878787878788
SurveyUSA,Live Phone,Florida,827,51.04820899323456,Trump,2024-10-16,0.8787878787878788
SurveyUSA,Live Phone,New York,915,50.934980523305015,Harris,2024-07-31,0.10101010101010101
SurveyUSA,Live Phone/Text to Web,Florida,191,49.60693735704221,Trump,2024-08-19,0.29292929292929293
Emerson College,Live Phone/Text to Web,California,227,46.55386542840852,Trump,2024-08-22,0.32323232323232326
Siena/NYT,Live Phone,New York,177,47.060305715858505,Harris,2024-08-18,0.2828282828282828
Emerson College,Online Panel,Georgia,439,46.302157986736766,Harris,2024-08-14,0.24242424242424243
SurveyUSA,Online Panel,Nevada,894,48.9993249200595,Trump,2024-10-28,1
Siena/NYT,Live Phone/Text to Web,California,191,46.7776934347268,Trump,2024-10-25,0.9696969696969697
SurveyUSA,Live Phone,Georgia,107,49.795102294926714,Harris,2024-10-23,0.9494949494949495
YouGov,Live Phone/Text to Web,Florida,124,42.93113311841339,Harris,2024-08-29,0.3939393939393939
Siena/NYT,Online Panel,New York,784,47.58344069112818,Trump,2024-08-12,0.2222222222222222
YouGov,Live Phone,Florida,481,49.510266053890895,Harris,2024-09-10,0.5151515151515151
YouGov,Probability Panel,Georgia,904,50.48867615696812,Harris,2024-10-23,0.9494949494949495
Siena/NYT,Live Phone/Text to Web,Florida,101,47.98468213554359,Trump,2024-09-27,0.6868686868686869
Siena/NYT,Online Panel,California,571,48.068140620499236,Harris,2024-10-12,0.8383838383838383
YouGov,Live Phone,Georgia,212,50.282854037069626,Harris,2024-10-04,0.7575757575757576
YouGov,Probability Panel,New York,666,47.28180102745661,Trump,2024-10-09,0.8080808080808081
Emerson College,Live Phone/Text to Web,California,894,49.64843237927022,Harris,2024-08-08,0.18181818181818182
SurveyUSA,Live Phone/Text to Web,California,395,52.75457794619462,Harris,2024-10-20,0.9191919191919192
Siena/NYT,Live Phone/Text to Web,Florida,702,51.382666543845446,Trump,2024-08-27,0.37373737373737376
Siena/NYT,Live Phone/Text to Web,New York,145,51.659481573263534,Trump,2024-07-26,0.050505050505050504
SurveyUSA,Probability Panel,Florida,148,52.80870708316883,Harris,2024-09-26,0.6767676767676768
Siena/NYT,Live Phone/Text to Web,California,94,49.20803577544011,Harris,2024-08-05,0.15151515151515152
Siena/NYT,Live Phone,Florida,894,49.52250471816814,Harris,2024-08-12,0.2222222222222222
SurveyUSA,Live Phone/Text to Web,New York,481,51.33829632105444,Harris,2024-08-17,0.2727272727272727
Siena/NYT,Online Panel,Florida,276,50.32506211079539,Trump,2024-09-08,0.494949494949495
Siena/NYT,Live Phone/Text to Web,Florida,784,51.719665901591696,Trump,2024-10-26,0.9797979797979798
YouGov,Probability Panel,California,276,52.172627239311716,Harris,2024-09-07,0.48484848484848486
Siena/NYT,Live Phone,Nevada,148,49.13692570762025,Trump,2024-10-22,0.9393939393939394
Emerson College,Probability Panel,Florida,571,49.45547296018178,Trump,2024-09-30,0.7171717171717171
Emerson College,Probability Panel,Georgia,784,49.409073211225405,Harris,2024-07-27,0.06060606060606061
SurveyUSA,Probability Panel,Georgia,28,53.29113544537487,Trump,2024-09-11,0.5252525252525253
Siena/NYT,Live Phone/Text to Web,California,1943,47.33206579393644,Trump,2024-10-22,0.9393939393939394
YouGov,Online Panel,Florida,227,52.37064684855229,Trump,2024-08-25,0.35353535353535354
Emerson College,Live Phone,New York,101,47.16534662142651,Trump,2024-10-21,0.9292929292929293
Siena/NYT,Live Phone,Florida,145,48.224889730015484,Harris,2024-08-28,0.3838383838383838
YouGov,Probability Panel,Florida,675,48.76918359091689,Trump,2024-09-04,0.45454545454545453
Emerson College,Probability Panel,Nevada,124,47.88737001749887,Trump,2024-10-23,0.9494949494949495
Siena/NYT,Probability Panel,New York,227,47.47026891100953,Trump,2024-08-10,0.20202020202020202
YouGov,Live Phone,Nevada,2087,49.205386709143966,Trump,2024-10-12,0.8383838383838383
YouGov,Online Panel,New York,395,47.69971415632329,Trump,2024-08-14,0.24242424242424243
Emerson College,Online Panel,California,127,49.86732162199104,Trump,2024-10-17,0.8888888888888888
Siena/NYT,Online Panel,Florida,399,50.46401948966585,Trump,2024-08-26,0.36363636363636365
SurveyUSA,Live Phone,New York,97,49.22320897040748,Trump,2024-10-15,0.8686868686868687
Siena/NYT,Live Phone/Text to Web,California,395,48.55869390522,Harris,2024-07-24,0.030303030303030304
Emerson College,Live Phone/Text to Web,California,2087,54.40212679348807,Trump,2024-09-24,0.6565656565656566
SurveyUSA,Probability Panel,New York,1133,48.94171813122189,Trump,2024-09-21,0.6262626262626263
Emerson College,Online Panel,Florida,827,51.060337325984705,Trump,2024-10-03,0.7474747474747475
Emerson College,Live Phone/Text to Web,New York,2459,48.40483942854923,Harris,2024-10-02,0.7373737373737373
YouGov,Online Panel,Georgia,2180,51.31368284531921,Harris,2024-08-05,0.15151515151515152
Emerson College,Live Phone,California,894,54.98356657544861,Harris,2024-08-05,0.15151515151515152
Emerson College,Live Phone,Florida,1133,48.849507515188904,Trump,2024-08-12,0.2222222222222222
Siena/NYT,Live Phone,New York,47,51.83565427244987,Harris,2024-10-14,0.8585858585858586
SurveyUSA,Live Phone/Text to Web,California,145,51.93352941419479,Harris,2024-08-30,0.40404040404040403
Siena/NYT,Live Phone/Text to Web,New York,176,51.97460681368936,Harris,2024-10-02,0.7373737373737373
YouGov,Online Panel,Florida,227,49.203267263070956,Harris,2024-10-21,0.9292929292929293
YouGov,Probability Panel,Florida,655,46.688146954708166,Trump,2024-08-11,0.21212121212121213
Emerson College,Online Panel,Florida,904,47.90461839042794,Trump,2024-09-03,0.4444444444444444
Emerson College,Probability Panel,New York,481,50.72234089591379,Trump,2024-09-20,0.6161616161616161
SurveyUSA,Probability Panel,Florida,894,49.33277880615128,Trump,2024-07-21,0
Siena/NYT,Live Phone,New York,28,49.62982543674556,Trump,2024-09-16,0.5757575757575758
YouGov,Online Panel,Florida,97,49.31445822159782,Harris,2024-08-29,0.3939393939393939
Siena/NYT,Probability Panel,California,655,50.16865259042113,Trump,2024-07-30,0.09090909090909091
SurveyUSA,Live Phone/Text to Web,New York,148,50.0065388655587,Trump,2024-08-04,0.1414141414141414
Emerson College,Live Phone,Georgia,177,50.99372813981092,Harris,2024-09-13,0.5454545454545454
SurveyUSA,Live Phone,Georgia,155,49.91130786144048,Harris,2024-10-18,0.898989898989899
Siena/NYT,Live Phone,New York,161,52.100464308376566,Harris,2024-10-23,0.9494949494949495
Siena/NYT,Live Phone,Florida,113,53.89751756673797,Trump,2024-10-10,0.8181818181818182
Emerson College,Live Phone,California,372,46.071396836253655,Harris,2024-08-15,0.25252525252525254
SurveyUSA,Live Phone/Text to Web,Nevada,124,51.42134029990227,Trump,2024-07-24,0.030303030303030304
Siena/NYT,Live Phone/Text to Web,New York,161,49.69733612040569,Trump,2024-08-23,0.3333333333333333
YouGov,Live Phone,Georgia,395,53.664193086428696,Harris,2024-08-17,0.2727272727272727
Emerson College,Online Panel,Nevada,127,52.064884778296886,Harris,2024-08-22,0.32323232323232326
YouGov,Live Phone,Florida,904,50.382925172351214,Trump,2024-10-26,0.9797979797979798
Siena/NYT,Live Phone/Text to Web,Georgia,127,47.182206272930955,Harris,2024-09-18,0.5959595959595959
SurveyUSA,Live Phone,California,113,50.255773836022954,Harris,2024-10-08,0.797979797979798
YouGov,Live Phone/Text to Web,New York,191,49.721911084029536,Trump,2024-09-25,0.6666666666666666
Siena/NYT,Live Phone/Text to Web,New York,124,48.25380421439481,Trump,2024-10-24,0.9595959595959596
YouGov,Probability Panel,New York,177,46.852849707042864,Harris,2024-08-02,0.12121212121212122
YouGov,Online Panel,California,563,50.06792045198057,Trump,2024-08-05,0.15151515151515152
SurveyUSA,Live Phone,Florida,904,47.37728920182618,Harris,2024-09-26,0.6767676767676768
Emerson College,Probability Panel,New York,675,53.78311441042328,Harris,2024-08-27,0.37373737373737376
SurveyUSA,Online Panel,Florida,227,50.674081615967246,Trump,2024-09-02,0.43434343434343436
Siena/NYT,Online Panel,Florida,439,49.366154899149286,Trump,2024-08-06,0.16161616161616163
SurveyUSA,Online Panel,Florida,1655,48.773743818094935,Trump,2024-10-17,0.8888888888888888
Siena/NYT,Probability Panel,Florida,127,50.0935284469512,Trump,2024-08-18,0.2828282828282828
Emerson College,Live Phone/Text to Web,Florida,2087,50.11997838488911,Harris,2024-10-07,0.7878787878787878
Emerson College,Online Panel,California,107,50.60903338044125,Trump,2024-08-04,0.1414141414141414
Emerson College,Live Phone/Text to Web,New York,399,45.27271753467081,Trump,2024-09-10,0.5151515151515151
Siena/NYT,Live Phone/Text to Web,Florida,74,46.1680798650355,Harris,2024-07-23,0.020202020202020204
YouGov,Live Phone/Text to Web,Florida,827,50.177489064225675,Trump,2024-07-31,0.10101010101010101
Siena/NYT,Live Phone,Georgia,148,51.64659623929189,Trump,2024-09-08,0.494949494949495
Siena/NYT,Online Panel,New York,1943,51.61572961626815,Harris,2024-10-24,0.9595959595959596
YouGov,Online Panel,Florida,395,50.91578305110867,Trump,2024-08-19,0.29292929292929293
Siena/NYT,Probability Panel,California,127,47.495644014516856,Trump,2024-09-03,0.4444444444444444
SurveyUSA,Online Panel,Georgia,124,51.551657653747775,Harris,2024-09-28,0.696969696969697
SurveyUSA,Live Phone,Nevada,894,51.40379487876602,Trump,2024-09-10,0.5151515151515151
SurveyUSA,Live Phone,Georgia,155,47.94603212337694,Trump,2024-09-14,0.5555555555555556
Emerson College,Live Phone/Text to Web,Georgia,2459,51.37826797368629,Harris,2024-08-31,0.41414141414141414
YouGov,Live Phone,New York,124,49.91802003520456,Trump,2024-08-14,0.24242424242424243
SurveyUSA,Live Phone,California,784,49.61371107584789,Harris,2024-09-25,0.6666666666666666
SurveyUSA,Online Panel,Nevada,177,48.274121535132366,Harris,2024-09-15,0.5656565656565656
YouGov,Live Phone/Text to Web,Georgia,212,48.522098811743945,Harris,2024-09-09,0.5050505050505051
YouGov,Online Panel,California,191,50.59687609577024,Trump,2024-09-05,0.46464646464646464
Emerson College,Online Panel,New York,177,54.403794661180314,Harris,2024-09-18,0.5959595959595959
YouGov,Live Phone/Text to Web,Georgia,276,51.40223547489026,Trump,2024-10-02,0.7373737373737373
YouGov,Live Phone,Nevada,675,50.188536035895666,Harris,2024-08-06,0.16161616161616163
Siena/NYT,Probability Panel,Georgia,127,51.23317776983795,Harris,2024-09-30,0.7171717171717171
Emerson College,Online Panel,Nevada,666,51.236908424471025,Harris,2024-07-22,0.010101010101010102
Siena/NYT,Online Panel,California,148,48.23836393242718,Harris,2024-10-13,0.8484848484848485
YouGov,Probability Panel,New York,142,49.535350970119225,Trump,2024-08-20,0.30303030303030304
YouGov,Live Phone/Text to Web,California,839,47.77657096666199,Harris,2024-09-29,0.7070707070707071
Siena/NYT,Live Phone,Florida,148,51.98143600212728,Harris,2024-08-18,0.2828282828282828
Siena/NYT,Live Phone,New York,276,48.99903762866606,Trump,2024-08-31,0.41414141414141414
YouGov,Online Panel,Georgia,124,52.68058514753108,Harris,2024-10-15,0.8686868686868687
SurveyUSA,Online Panel,Nevada,107,47.39548413588447,Trump,2024-10-18,0.898989898989899
YouGov,Probability Panel,Nevada,51,48.32141600432629,Harris,2024-09-19,0.6060606060606061
Siena/NYT,Live Phone/Text to Web,California,666,45.89765359720343,Harris,2024-08-30,0.40404040404040403
Emerson College,Online Panel,California,1943,50.86592773720497,Trump,2024-08-23,0.3333333333333333
SurveyUSA,Probability Panel,Nevada,399,51.731751632001924,Trump,2024-10-21,0.9292929292929293
YouGov,Live Phone/Text to Web,Nevada,97,50.222441916436686,Trump,2024-09-08,0.494949494949495
Siena/NYT,Online Panel,New York,563,48.14351252617041,Harris,2024-09-24,0.6565656565656566
Emerson College,Probability Panel,New York,177,50.4239991799021,Trump,2024-10-01,0.7272727272727273
Siena/NYT,Live Phone/Text to Web,Georgia,227,52.3781259785354,Trump,2024-10-28,1
SurveyUSA,Live Phone/Text to Web,California,74,47.62062034516415,Harris,2024-10-22,0.9393939393939394
Siena/NYT,Online Panel,Georgia,395,51.52623472586057,Trump,2024-09-10,0.5151515151515151
Siena/NYT,Online Panel,California,124,47.800181674002445,Harris,2024-08-29,0.3939393939393939
Emerson College,Online Panel,Nevada,148,52.29134663061869,Trump,2024-08-29,0.3939393939393939
YouGov,Probability Panel,California,113,51.81766743584795,Harris,2024-08-16,0.26262626262626265
Siena/NYT,Online Panel,Georgia,101,50.84641328373292,Harris,2024-08-01,0.1111111111111111
SurveyUSA,Probability Panel,New York,1943,50.09508997505893,Harris,2024-09-25,0.6666666666666666
SurveyUSA,Live Phone/Text to Web,Georgia,191,45.29453521063118,Harris,2024-10-04,0.7575757575757576
Emerson College,Online Panel,Georgia,2087,49.12396929326265,Trump,2024-08-17,0.2727272727272727
Emerson College,Live Phone/Text to Web,Georgia,827,49.9776887286718,Trump,2024-09-13,0.5454545454545454
Emerson College,Live Phone/Text to Web,Georgia,372,53.212036105224215,Trump,2024-08-23,0.3333333333333333
Emerson College,Live Phone/Text to Web,Florida,399,45.73881110881041,Harris,2024-10-28,1
Siena/NYT,Live Phone,Florida,161,51.00137545788556,Trump,2024-09-01,0.42424242424242425
Siena/NYT,Probability Panel,Florida,675,52.588728993189726,Trump,2024-10-14,0.8585858585858586
YouGov,Live Phone,California,97,46.25135201753031,Trump,2024-08-06,0.16161616161616163
YouGov,Live Phone,New York,28,51.71036281268969,Trump,2024-10-06,0.7777777777777778
SurveyUSA,Probability Panel,California,124,51.78891358893521,Harris,2024-08-18,0.2828282828282828
SurveyUSA,Probability Panel,New York,2180,48.63906802422328,Harris,2024-09-07,0.48484848484848486
Siena/NYT,Probability Panel,Georgia,51,50.193086769807785,Harris,2024-07-23,0.020202020202020204
Siena/NYT,Probability Panel,New York,2087,50.020103563366206,Trump,2024-07-23,0.020202020202020204
